type,x_0,x_1,x_2,x_3,x_4,x_5,x_6,x_7,x_8,x_9,x_10,x_11,x_12,x_13,x_14,x_15,x_16,x_17,x_18,x_19,x_20,x_21,x_22,x_23,x_24,x_25,x_26,x_27,x_28,x_29,x_30,x_31,x_32,x_33,x_34,x_35,x_36,x_37,x_38,x_39,x_40,x_41,x_42,x_43,x_44,x_45,x_46,x_47,x_48,x_49,x_50,x_51,x_52,x_53,x_54,x_55,x_56,x_57,x_58,x_59,x_60,x_61,x_62,x_63
LU32PEEng,-1.7085953950881958,-0.37178635597229004,-1.802568793296814,0.08371859043836594,1.2460764646530151,1.0318901538848877,0.5326785445213318,-0.5512413382530212,1.0438141822814941,0.1617341786623001,1.4852560758590698,-0.251616507768631,1.1916698217391968,0.6375957727432251,-1.1410439014434814,-0.43998029828071594,1.782099962234497,-0.5573901534080505,1.9342713356018066,-2.667344331741333,1.4803608655929565,-0.040895845741033554,-0.6477252840995789,1.1387263536453247,-1.164955735206604,-1.4853118658065796,-0.4186086654663086,0.8611135482788086,-1.0946916341781616,0.44866493344306946,1.1314566135406494,-1.4373674392700195,1.722630500793457,-2.383068561553955,1.1386752128601074,-0.20137406885623932,-2.500577926635742,-1.9219791889190674,-0.47582584619522095,-0.7532249093055725,0.20297659933567047,1.7978413105010986,-0.052238475531339645,1.78532075881958,-2.060781240463257,1.9027862548828125,1.353818416595459,0.2978774607181549,1.7305539846420288,0.7832543849945068,0.010349493473768234,0.2109762281179428,1.0317003726959229,0.5436548590660095,-1.838373064994812,-0.31089165806770325,-1.404544472694397,-2.0916907787323,0.13547362387180328,-0.3972020149230957,-0.7896944284439087,0.3717345893383026,0.041020818054676056,0.5514075756072998
LU64PEEng,-1.8869990110397339,-0.04022843763232231,-1.8387870788574219,0.8144617080688477,2.0552215576171875,1.897678017616272,0.43884339928627014,-1.465168833732605,1.2591357231140137,-0.4500853419303894,1.2476214170455933,-0.08910974860191345,1.4641625881195068,-0.0025510683190077543,-1.6085870265960693,-0.6450355648994446,2.152134418487549,-0.5362696051597595,1.8803833723068237,-2.3024442195892334,1.2248181104660034,0.27937906980514526,-0.7753626704216003,0.6282407641410828,-0.3140818774700165,-2.12328839302063,-0.6565074324607849,1.1753188371658325,-1.0000438690185547,1.0878373384475708,1.213973879814148,-2.2647621631622314,2.6479969024658203,-1.487187147140503,1.1273770332336426,-0.5922479033470154,-1.4333913326263428,-1.487538456916809,-0.6980398297309875,-0.5387870669364929,-0.19545231759548187,2.092251777648926,-0.013622214086353779,1.2192245721817017,-1.2787961959838867,2.0145785808563232,0.47488120198249817,-0.28746452927589417,1.5732930898666382,0.2563817501068115,0.45304951071739197,0.4418646991252899,0.17925581336021423,0.41486895084381104,-1.6898623704910278,0.37256866693496704,-1.8384753465652466,-1.017335057258606,-0.1541350781917572,0.4101885259151459,-0.41387736797332764,0.23646186292171478,0.8638796806335449,0.6543967723846436
adder,-2.5107638835906982,0.028751106932759285,-1.709917426109314,-0.015240198001265526,1.2205791473388672,0.4876396954059601,-1.2420743703842163,-1.8887650966644287,0.24391290545463562,-1.1369327306747437,1.800144076347351,0.2726118862628937,2.0634965896606445,-0.4170481562614441,-0.6816051602363586,-0.4880964159965515,1.0586833953857422,-0.16295619308948517,-0.16252964735031128,-1.230261206626892,1.6241358518600464,1.1429195404052734,0.1509426385164261,1.3141729831695557,-1.2548243999481201,-0.04065826162695885,-1.5728386640548706,2.6181447505950928,-2.1759681701660156,1.7592798471450806,1.3999860286712646,-1.5769237279891968,0.34815311431884766,-1.198927640914917,3.1748769283294678,-0.032930031418800354,0.3888806104660034,-1.309870719909668,-1.1431968212127686,-0.1457722932100296,0.170720174908638,1.398220181465149,0.7672203183174133,2.0800561904907227,-0.5212448239326477,1.1712883710861206,-0.5140680074691772,-0.5437182188034058,2.0756113529205322,0.8870969414710999,1.2670791149139404,-1.009114146232605,1.5968433618545532,1.2648653984069824,0.06101660802960396,-0.8580502867698669,0.6977378726005554,1.2470508813858032,1.628265142440796,-1.9285088777542114,-0.667614758014679,1.545879602432251,2.194636106491089,-0.5583220720291138
arbiter,-1.5100796222686768,-0.8599931001663208,-0.23285481333732605,1.6667616367340088,0.6937424540519714,1.517530918121338,-0.6295719742774963,0.19744530320167542,1.2256380319595337,-0.5630804896354675,1.450806736946106,-1.6479837894439697,2.1795620918273926,0.1083165779709816,-3.6010704040527344,0.7001608610153198,2.7058658599853516,-0.14663013815879822,-0.0063547552563250065,-0.39547693729400635,2.4136111736297607,3.063288450241089,1.2207125425338745,1.4286479949951172,-1.3301583528518677,-0.5242813229560852,0.17768210172653198,2.6228206157684326,-1.019515037536621,0.4262981116771698,0.502543568611145,-0.12394171953201294,-0.3976317346096039,-2.9355661869049072,0.7658653259277344,0.4754321873188019,-0.7257809042930603,-1.2870426177978516,-1.465391755104065,0.05925893411040306,0.2454516738653183,1.4130486249923706,-1.4169641733169556,1.8767691850662231,-3.203590154647827,1.424794316291809,2.858135938644409,0.45716843008995056,1.8156846761703491,-1.072953462600708,-0.5499887466430664,-2.6274149417877197,2.107771873474121,2.4074857234954834,-3.052645444869995,-0.4170076251029968,1.7105106115341187,-1.4769413471221924,0.22094352543354034,-1.0072402954101562,-3.1048009395599365,1.7359803915023804,0.41664159297943115,0.36409834027290344
arm_core,-2.011307954788208,-0.29121145606040955,-0.26873981952667236,0.4594590365886688,1.7417545318603516,1.126146674156189,-0.42273852229118347,-0.8774511218070984,-0.05835283175110817,0.2889642119407654,0.48472851514816284,-1.028311014175415,0.9732471704483032,-0.31053709983825684,-0.6061416268348694,0.2583683133125305,0.9525004625320435,0.6471744179725647,0.8334981799125671,0.070614755153656,2.325474977493286,1.1546525955200195,0.5675196647644043,-0.5045773983001709,0.4245401620864868,-0.84471195936203,-0.7952598333358765,1.0604323148727417,-2.0293946266174316,2.2334818840026855,-0.543967068195343,-0.4924784302711487,-0.24203088879585266,-0.9740469455718994,0.285631388425827,0.2062954157590866,-0.04450902342796326,-0.420671671628952,-0.8748108744621277,0.3104591369628906,0.9842864274978638,-0.13262353837490082,0.20406858623027802,1.0389623641967773,-0.4908294081687927,0.8343156576156616,1.756585717201233,0.07726341485977173,0.4570425748825073,-0.5462974309921265,0.41983547806739807,-2.1141433715820312,2.0357234477996826,-0.30543816089630127,-0.34912794828414917,0.6728256940841675,1.0542079210281372,-1.1672048568725586,1.1348485946655273,-1.9785704612731934,-1.1564997434616089,2.3726489543914795,-0.03023182973265648,0.03951244056224823
bar,-0.06578522175550461,0.289264976978302,-1.6558467149734497,1.898932695388794,0.2238926887512207,1.5269485712051392,-0.045471228659152985,0.055777374655008316,1.0670232772827148,0.25157761573791504,2.286574602127075,-2.665658712387085,1.4507957696914673,0.07716476917266846,-2.1447882652282715,1.4736002683639526,1.9220656156539917,-0.7034783959388733,0.8251418471336365,-0.7585936188697815,2.8057286739349365,2.6236844062805176,-0.09911155700683594,0.7586947083473206,-0.4075484275817871,0.2571398913860321,-0.22252923250198364,1.5982391834259033,-1.5031852722167969,0.9528065919876099,-0.21012642979621887,-0.3689444661140442,-0.6596421003341675,-3.1906800270080566,0.9997574090957642,-0.4595242440700531,-0.5420491099357605,-1.876801609992981,-1.753688931465149,-0.0383971706032753,0.6888447403907776,0.7171872854232788,-2.050902843475342,1.1112043857574463,-2.5427911281585693,1.9103916883468628,2.964306354522705,0.2612546980381012,1.6866376399993896,-1.2318285703659058,-1.2041131258010864,-1.3742952346801758,1.097562551498413,2.2595033645629883,-2.6849231719970703,0.12063010782003403,0.7376535534858704,-2.8331587314605713,-0.5497692823410034,-1.3140661716461182,-2.9303715229034424,2.122300386428833,-0.2705998122692108,0.2087361067533493
bgm,-1.9703720808029175,-0.20833009481430054,-0.20192113518714905,0.05590573325753212,1.5545214414596558,1.1606706380844116,0.6313132643699646,-1.4200894832611084,-0.18056029081344604,-0.34609463810920715,0.831275999546051,-0.4888375997543335,1.4028468132019043,-0.2761492133140564,-1.1613966226577759,0.05849209800362587,1.0128382444381714,0.8528993725776672,2.1429569721221924,-0.3217833638191223,2.065277576446533,1.8609358072280884,-0.15463533997535706,-0.7670432329177856,0.40003547072410583,-1.955121636390686,-1.1531063318252563,0.7429969310760498,-1.3120005130767822,2.4955053329467773,0.18362104892730713,0.09537021070718765,0.1672831028699875,-0.8084827065467834,-0.28555747866630554,-0.5125976204872131,-0.08626551926136017,-0.45237040519714355,0.31845471262931824,-0.042146068066358566,1.0497788190841675,-0.023537766188383102,-0.6253515481948853,1.3959288597106934,-1.0517858266830444,1.1057945489883423,1.3451647758483887,-0.14097145199775696,0.5724511742591858,-0.36476659774780273,-0.1964886635541916,-2.2888004779815674,1.4617477655410767,-0.46841686964035034,-0.6671288013458252,-0.11217726767063141,1.1327382326126099,-1.7624163627624512,0.5363529324531555,-0.9318857789039612,-0.8164017200469971,1.671176552772522,0.06071414425969124,-0.03376983106136322
blob_merge,-2.455712080001831,0.1381099671125412,-1.3824408054351807,1.114720344543457,1.9221689701080322,1.0081744194030762,-1.0409687757492065,-0.02228674665093422,0.008941936306655407,0.01761222444474697,0.8907015323638916,-0.9913782477378845,0.4844171702861786,-0.9899535775184631,-0.8182374835014343,-0.3137546479701996,1.2250677347183228,0.34061044454574585,1.3631553649902344,-0.5071255564689636,2.0758261680603027,-0.5335263013839722,0.04686735197901726,0.04031485691666603,-0.004150730092078447,-0.1717802882194519,-1.069603443145752,1.0739611387252808,-2.200279951095581,1.6103500127792358,-0.37228715419769287,-1.4600192308425903,1.118757724761963,-1.89846670627594,1.0575082302093506,0.865304708480835,-0.05528666824102402,-0.6649177670478821,-1.020875096321106,0.13776054978370667,0.9852206110954285,0.5990355014801025,0.9333024621009827,0.8478943705558777,-0.7117495536804199,1.2732834815979004,1.8239178657531738,1.6103992462158203,1.6272215843200684,-0.7439171671867371,0.24513237178325653,-0.5696989893913269,1.8252395391464233,0.6640186309814453,-0.21121983230113983,1.1972949504852295,0.6116090416908264,-1.4516280889511108,2.2361984252929688,-2.3809938430786133,-0.9339218139648438,1.686497688293457,0.4506883919239044,-0.24456913769245148
boundtop,-1.8684287071228027,1.8758448362350464,-2.7264697551727295,2.208840847015381,0.9431848526000977,2.4136736392974854,1.0735185146331787,-2.213759422302246,0.2793830335140228,0.4063291847705841,1.9899723529815674,-3.824308156967163,2.344846248626709,0.8315426111221313,-1.5749579668045044,0.6323269009590149,-0.3303765654563904,-0.47205623984336853,2.562821626663208,-1.4159598350524902,2.0557403564453125,-0.18441683053970337,-0.2564179003238678,0.7504585981369019,1.4460043907165527,-0.1224200502038002,-0.9381596446037292,-0.5536831617355347,-1.2886813879013062,1.6734257936477661,0.6306281089782715,-0.8509671092033386,-0.5371096730232239,-2.4656686782836914,1.1445680856704712,-0.40249156951904297,-0.48132237792015076,0.32638636231422424,-1.0888338088989258,-0.2124258428812027,0.8732366561889648,1.0937155485153198,-1.3214274644851685,0.23754678666591644,-2.195920944213867,1.6480705738067627,0.8736944794654846,-0.24467046558856964,1.651992678642273,-0.5830129384994507,-0.2380169779062271,0.13363733887672424,-0.1571221798658371,1.3346388339996338,-0.09582704305648804,0.7845026850700378,-1.1740760803222656,-0.6901745200157166,-0.1438155472278595,-0.1875297576189041,-0.4917793273925781,0.517215371131897,-0.9698876738548279,-0.5860558152198792
cavlc,-1.2701530456542969,-0.010435538366436958,-0.32157689332962036,0.534070611000061,1.1366225481033325,0.8961817622184753,0.18683448433876038,-0.572067379951477,-0.15282762050628662,-0.088978610932827,0.12669254839420319,-0.6185480356216431,0.6521040797233582,-0.3244965374469757,-0.7361131310462952,-0.3723522126674652,0.6036672592163086,0.27181577682495117,0.9833062887191772,-0.3757660686969757,0.8108114004135132,0.0015453919768333435,0.03535156324505806,-0.22454720735549927,0.2825135588645935,-0.774493396282196,-0.6249243021011353,0.16210538148880005,-0.6529950499534607,1.103516936302185,0.21479502320289612,-0.3562460243701935,0.4762156307697296,-0.36218690872192383,0.06314687430858612,0.28451424837112427,0.00981185957789421,0.2920263111591339,0.06998992711305618,0.22661316394805908,0.17216607928276062,0.37550047039985657,0.021564004942774773,0.2560037076473236,-0.6201541423797607,0.4266617000102997,0.450544536113739,0.46993139386177063,0.1905149519443512,-0.2586860954761505,0.17733663320541382,-0.5387624502182007,0.36966216564178467,-0.07269153743982315,0.06100708991289139,0.42691677808761597,0.028036808595061302,-0.27867165207862854,0.4874494671821594,-0.45491841435432434,-0.3102668225765228,0.4795348048210144,0.19015739858150482,0.031200174242258072
ctrl,-0.7811516523361206,0.10464777052402496,-0.27819323539733887,0.538552463054657,0.5889523029327393,0.6184440851211548,0.19017668068408966,-0.29409757256507874,-0.030029790475964546,0.01903017982840538,0.2798669636249542,-0.7860209345817566,0.6868400573730469,-0.06607300788164139,-0.7831767797470093,0.007133839186280966,0.42583775520324707,0.12739843130111694,0.6399124264717102,-0.1577800214290619,0.8406527638435364,0.31462499499320984,0.09191279858350754,-0.049728162586688995,0.11533766239881516,-0.36874011158943176,-0.3711646795272827,0.1970432847738266,-0.4485359489917755,0.6963942646980286,0.08062150329351425,-0.09054268896579742,-0.07383420318365097,-0.6272209286689758,0.09850914031267166,0.15446215867996216,-0.11845672875642776,0.04521732032299042,-0.09538958966732025,0.05469925329089165,0.23961535096168518,0.20569592714309692,-0.22263726592063904,0.15195803344249725,-0.6532240509986877,0.33703720569610596,0.5770319104194641,0.2090827226638794,0.30736076831817627,-0.2956399917602539,-0.10275565832853317,-0.5110076665878296,0.29745280742645264,0.2146790772676468,-0.23157869279384613,0.1426704227924347,0.15328899025917053,-0.38927754759788513,0.19987241923809052,-0.3079668879508972,-0.4058994650840759,0.3375782072544098,-0.12178847938776016,-0.04017143324017525
dec,-0.4521939754486084,0.1843099743127823,-1.613242506980896,0.49765291810035706,0.3920358419418335,0.4941120147705078,-0.8141220211982727,-0.9057137370109558,1.0617320537567139,-0.21306389570236206,1.5519014596939087,-0.1663283258676529,0.7503432035446167,-0.12503840029239655,-0.4375164806842804,0.1488538235425949,0.9980311393737793,-0.750973641872406,0.2479313611984253,-1.087750792503357,0.9261253476142883,1.124224305152893,-0.24763479828834534,0.594169020652771,-0.5109520554542542,-0.14382073283195496,-0.18437519669532776,1.3265453577041626,-1.2041261196136475,0.5262399911880493,0.7584927678108215,-1.504452109336853,0.8975862264633179,-1.088148832321167,1.6377052068710327,-0.8591580986976624,-0.2931090295314789,-1.2571772336959839,-1.1015667915344238,-0.06540671736001968,0.12394359707832336,1.0408657789230347,-0.1826169639825821,1.3750730752944946,-0.8206230998039246,1.388488531112671,0.8309556245803833,-0.15675301849842072,1.3984493017196655,-0.2349422574043274,0.22602398693561554,-0.3463083803653717,0.6817240715026855,1.1557024717330933,-1.3284826278686523,0.1255403310060501,-0.17276714742183685,-0.6849506497383118,0.18123266100883484,-0.8669765591621399,-1.219366431236267,1.1404354572296143,0.9277631640434265,0.24427653849124908
diffeq1,-1.0828973054885864,1.0217567682266235,-2.5222232341766357,0.04394828900694847,0.9177565574645996,0.6614428758621216,-1.503597378730774,-1.247168779373169,0.7997087836265564,-0.629054605960846,2.6288809776306152,-0.6677196621894836,1.3755626678466797,-0.5522971749305725,0.34118834137916565,-0.6526376008987427,0.5085775852203369,-0.44837141036987305,0.8392059206962585,-2.138979196548462,1.2190221548080444,0.09263281524181366,-0.8930456042289734,0.4057716131210327,-0.4448120892047882,0.7159121036529541,-0.5458871722221375,0.7513390183448792,-2.757092237472534,1.6194851398468018,1.5655343532562256,-2.4651808738708496,1.6400798559188843,-1.719693660736084,2.6603474617004395,-1.2828854322433472,0.1510726809501648,-1.6596322059631348,-1.3695818185806274,0.30820712447166443,0.4528880715370178,1.7397016286849976,0.6627939343452454,2.1037418842315674,-1.8140747547149658,2.73567271232605,0.891491711139679,0.18623313307762146,2.4173402786254883,0.026023678481578827,0.20220445096492767,-0.39750194549560547,0.8136640787124634,2.449488639831543,-1.1125738620758057,0.36050447821617126,0.12685872614383698,-1.0952322483062744,1.6984308958053589,-1.9365633726119995,-0.8768882155418396,1.4845554828643799,2.0804007053375244,-0.44132453203201294
div,-1.6621521711349487,-0.5679435729980469,-0.5063499808311462,0.7941324710845947,1.131771206855774,0.6763440370559692,-0.5454733967781067,0.2256476730108261,-0.8779680132865906,-0.9372722506523132,0.5528573393821716,-1.186892032623291,1.904075026512146,-1.3712643384933472,-1.7742854356765747,-0.7029935717582703,2.0899455547332764,0.5908101201057434,0.5316500663757324,-0.16058921813964844,1.98367178440094,1.4770838022232056,0.5028508901596069,-0.6372655034065247,-0.495707631111145,-0.6793749332427979,-1.4005534648895264,1.310533046722412,-1.202599287033081,2.6759791374206543,0.23430897295475006,0.4926193356513977,-0.40363019704818726,-1.5461746454238892,0.1019311174750328,0.5121059417724609,1.2856011390686035,-0.20349633693695068,-0.28632816672325134,0.7868306040763855,0.48340409994125366,1.2565059661865234,-0.42293480038642883,0.38541653752326965,-2.2036848068237305,0.8715817332267761,1.8936671018600464,1.2079576253890991,1.4083067178726196,-0.8021626472473145,-0.1268380582332611,-2.9497644901275635,1.5689973831176758,1.8158700466156006,-1.1215698719024658,-0.3206652104854584,2.489777088165283,-0.49545592069625854,1.6653039455413818,-0.7746530175209045,-1.250003457069397,1.1727776527404785,1.2901690006256104,-0.732109546661377
i2c,-1.010367751121521,0.0724036768078804,-1.2883055210113525,1.1531926393508911,1.8127858638763428,1.8412929773330688,0.25651636719703674,-1.5535509586334229,1.4332653284072876,0.37281715869903564,1.342673659324646,-0.47958609461784363,0.716252863407135,-0.11042758077383041,-1.0884954929351807,0.10066577792167664,1.1235920190811157,-0.5717735290527344,1.0388376712799072,-1.3936102390289307,1.0987224578857422,0.6099572777748108,-0.47639551758766174,0.466459721326828,0.10877855867147446,-0.9571443200111389,-0.1161409243941307,1.125447392463684,-1.2568787336349487,0.5412613153457642,0.539915144443512,-1.9974006414413452,1.6399863958358765,-0.7513934373855591,1.2485759258270264,-0.676496684551239,-0.8165846467018127,-0.7667722702026367,-0.6143705248832703,0.023878755047917366,0.0617193728685379,0.6550906300544739,-0.09688841551542282,1.4114761352539062,-0.7210285663604736,1.3685446977615356,0.7667112350463867,-0.09045913070440292,0.41985949873924255,-0.31962573528289795,0.37365803122520447,0.2976672947406769,-0.07555440068244934,0.33157405257225037,-0.7140434384346008,1.0360890626907349,-1.508063793182373,-1.017873764038086,-0.36261728405952454,-1.085242509841919,-1.338856816291809,1.045704960823059,0.36652010679244995,0.9818574786186218
int2float,-1.0982789993286133,0.029779838398098946,-0.3428044617176056,0.36040207743644714,0.8892368674278259,0.5697944164276123,0.0425742082297802,-0.3909873962402344,-0.11476103216409683,0.04086622595787048,0.257042795419693,-0.4449922740459442,0.5282175540924072,-0.2759493887424469,-0.5556166768074036,-0.1954772025346756,0.5319611430168152,0.19219999015331268,0.8558234572410583,-0.2286691665649414,1.0041959285736084,0.12040680646896362,-0.032154858112335205,-0.15600723028182983,0.04504195600748062,-0.5174139142036438,-0.6412290930747986,0.3453209102153778,-0.753862738609314,0.9647842049598694,0.04013770818710327,-0.3279076814651489,0.19836540520191193,-0.5441249012947083,0.3083897531032562,0.24570715427398682,-0.05091525986790657,-0.05052900314331055,-0.03677107393741608,0.06501027196645737,0.3124038875102997,0.19106100499629974,0.1086869016289711,0.33656471967697144,-0.35417649149894714,0.3963085114955902,0.48599860072135925,0.3963642120361328,0.3191930651664734,-0.14410430192947388,0.06331761926412582,-0.4481112062931061,0.5250265598297119,-0.06472412496805191,0.07207214832305908,0.25107452273368835,0.14342676103115082,-0.41720619797706604,0.5167865753173828,-0.6843559145927429,-0.3574114441871643,0.6061922907829285,0.06476777791976929,-0.02818899042904377
log2,-2.4630703926086426,-1.1696679592132568,0.3761262893676758,1.5079667568206787,1.4190677404403687,1.6495790481567383,0.0852695107460022,-0.3203612267971039,0.09894958138465881,-0.43724942207336426,0.09349514544010162,-0.33917874097824097,0.9937178492546082,-0.19703057408332825,-2.6223888397216797,-0.07182712107896805,2.514285087585449,-0.0904562696814537,0.9097599983215332,-0.008991299197077751,2.466485023498535,1.122950553894043,0.6713117361068726,1.254562258720398,-0.9764590859413147,-1.3078488111495972,-1.6671491861343384,2.4064629077911377,-0.9211598634719849,0.9734388589859009,-0.016753794625401497,-0.2448810338973999,-0.0809667706489563,-1.4968743324279785,1.1565057039260864,1.857312798500061,-0.15694506466388702,-0.1353103220462799,-0.3492387533187866,-0.04738319292664528,-0.36424851417541504,0.811144232749939,-0.5057675838470459,1.1091971397399902,-0.8322264552116394,0.4974421262741089,0.5079187750816345,1.1434744596481323,0.3865996301174164,0.39459362626075745,0.4528215229511261,-1.1903880834579468,1.6518269777297974,-0.16327320039272308,0.17373031377792358,0.06440697610378265,0.7025584578514099,0.39275774359703064,0.08291112631559372,-1.5175676345825195,-2.298288345336914,1.821388602256775,0.670225977897644,0.19966921210289001
max,-1.8795669078826904,0.7366824150085449,-2.5077593326568604,0.46975982189178467,2.0818393230438232,1.839808464050293,-0.7708878517150879,-2.2471539974212646,-0.8206065893173218,-1.9089003801345825,1.2440241575241089,-2.4245524406433105,2.33563232421875,-1.9133520126342773,-0.7129073143005371,-0.9233836531639099,0.8977449536323547,0.6463735699653625,1.0162907838821411,-1.8475053310394287,0.5628955364227295,-0.07453674077987671,0.08091027289628983,-0.6416622400283813,1.5550730228424072,0.005371119827032089,-1.2524038553237915,-0.2695840001106262,-2.003990411758423,3.2569851875305176,1.637774109840393,-1.360360026359558,1.5904484987258911,-0.8140609264373779,0.695002555847168,-0.6660201549530029,2.165076732635498,0.06757435202598572,-0.8618849515914917,1.8349233865737915,0.10462433844804764,2.2266149520874023,0.07086166739463806,0.29705530405044556,-2.141432046890259,1.6109364032745361,0.2684946060180664,0.34753018617630005,1.476443886756897,-0.8843333125114441,1.0580748319625854,-1.5885359048843384,-0.10221590846776962,2.686168670654297,-0.7452996969223022,1.0207244157791138,1.0614107847213745,0.4375150501728058,2.66835355758667,0.10272053629159927,0.42966243624687195,1.240414023399353,3.0795655250549316,-1.4294250011444092
mcml,-2.534794569015503,0.14082825183868408,-1.9453425407409668,2.092351198196411,1.2877792119979858,2.047584056854248,-0.46952906250953674,-1.3199315071105957,0.3723701536655426,-0.9436609745025635,2.1710731983184814,-2.485524892807007,3.0737361907958984,-0.5343838334083557,-3.148918390274048,0.18522752821445465,2.3798165321350098,-0.31490033864974976,0.9043055176734924,-0.9736374020576477,3.1142001152038574,2.4640729427337646,0.4251616895198822,1.1718273162841797,-0.7668309211730957,-0.47167110443115234,-1.611327886581421,2.5715818405151367,-2.030061721801758,2.4078354835510254,0.9291142225265503,-0.7522677183151245,-0.35317036509513855,-2.933067560195923,2.0550498962402344,0.3098727762699127,0.30667945742607117,-0.9960166811943054,-1.5680255889892578,0.29197749495506287,0.38067764043807983,1.9755061864852905,-1.1525042057037354,1.4741343259811401,-2.9475321769714355,1.7732003927230835,1.8387013673782349,0.3398943245410919,2.3915188312530518,-0.6607412099838257,0.0438750758767128,-2.252227544784546,1.7754826545715332,2.537738561630249,-1.5122956037521362,-0.14869259297847748,1.4341509342193604,-0.45256343483924866,0.8975608944892883,-1.639374017715454,-2.446580410003662,2.0185909271240234,1.2100074291229248,-0.33313387632369995
mem_ctrl,-2.66489577293396,0.05130957439541817,-0.40326637029647827,1.1918646097183228,2.056562662124634,1.3471542596817017,0.10446205735206604,-0.40697312355041504,-0.7673407196998596,-0.3777155578136444,-0.02479170635342598,-1.1078338623046875,1.2484819889068604,-1.0654101371765137,-1.7660702466964722,-1.3922537565231323,1.5451041460037231,0.48771199584007263,2.1451852321624756,-0.6829573512077332,1.5733410120010376,-0.33928000926971436,-0.02714158222079277,-0.5872373580932617,-0.1084984615445137,-1.4873676300048828,-1.4846059083938599,0.28317996859550476,-1.1183959245681763,2.201819896697998,0.6906757354736328,-0.5823307633399963,1.1606100797653198,-0.9446183443069458,0.17347030341625214,1.0933388471603394,0.34546181559562683,0.9383688569068909,0.5986088514328003,0.569368839263916,0.10165736824274063,1.2759099006652832,0.19786891341209412,0.2625449001789093,-1.6846301555633545,0.6596396565437317,1.1398392915725708,1.8660739660263062,0.5944579839706421,-0.6432225704193115,0.009532054886221886,-1.0502103567123413,0.8068770170211792,0.1807725578546524,0.22084887325763702,0.681694746017456,0.5313372015953064,-0.3434135913848877,1.3486591577529907,-0.9294676780700684,-0.7842650413513184,0.40985220670700073,0.6356697082519531,-0.04785563424229622
mkDelayWorker32B,-0.6163733005523682,0.0061960299499332905,-1.3567535877227783,0.3470090329647064,0.5322512984275818,0.6741807460784912,-0.6363167762756348,-0.7199234962463379,0.8000032305717468,-0.3366754353046417,1.4195526838302612,-0.4936738610267639,0.6953270435333252,-0.1301572024822235,-0.619951069355011,0.4348701238632202,1.0807851552963257,-0.6583415269851685,0.11103859543800354,-1.324068307876587,0.9727776050567627,1.0913501977920532,0.032592952251434326,0.8655245900154114,-0.5882411003112793,-0.10003044456243515,0.06189143657684326,1.4704298973083496,-1.107595443725586,0.5994239449501038,0.5223896503448486,-1.2139972448349,0.9194527864456177,-1.5423005819320679,1.4030630588531494,-0.7156398296356201,-0.3324282765388489,-1.2373496294021606,-1.2145205736160278,-0.17384633421897888,0.3633415997028351,1.147210717201233,-0.5782152414321899,1.3977926969528198,-1.1678156852722168,1.5306050777435303,1.1826672554016113,-0.05239168182015419,1.499308466911316,-0.15586869418621063,0.37291035056114197,-0.7894096374511719,0.9913842678070068,1.3575364351272583,-1.6712374687194824,-0.07421690225601196,-0.07755988836288452,-1.1322084665298462,0.4006868302822113,-0.8172745704650879,-1.3762099742889404,1.293750524520874,0.8943002820014954,0.10158608108758926
multiplier,-2.6634681224823,-0.49352842569351196,-0.003728047478944063,1.6623371839523315,1.5024912357330322,1.8725053071975708,0.62717205286026,-0.7112370133399963,-0.36775341629981995,-0.3229394853115082,0.26696181297302246,-1.8923978805541992,2.337048053741455,-0.14556972682476044,-3.0552966594696045,0.06744677573442459,1.8668855428695679,0.48832082748413086,0.9444999098777771,0.29331734776496887,2.9437906742095947,1.340479850769043,0.8707044720649719,0.8494747877120972,-0.22593490779399872,-0.8879414796829224,-1.8614846467971802,1.7745251655578613,-0.9652706980705261,1.8150328397750854,-0.0556490533053875,0.45827293395996094,-1.467448353767395,-1.693594217300415,0.949988067150116,1.6471701860427856,-0.012637187726795673,0.18081176280975342,-0.27854859828948975,0.17596831917762756,0.06545624881982803,0.5437849164009094,-0.6990115642547607,0.3197862505912781,-1.3720427751541138,0.1897808313369751,0.6136605739593506,0.43877238035202026,0.445686012506485,0.03363357484340668,0.0360579751431942,-1.6434332132339478,1.1590112447738647,0.3237582743167877,0.2694277763366699,-0.15181389451026917,1.1327176094055176,0.6087231040000916,0.4676419496536255,-1.1578348875045776,-1.5018906593322754,1.4476031064987183,0.15118145942687988,-0.35685276985168457
priority,-0.9926884174346924,-0.4692300260066986,-0.34063974022865295,0.389723002910614,1.3802194595336914,0.9428898096084595,-0.6694529056549072,-1.4822944402694702,0.34462684392929077,-1.0730924606323242,0.8920878171920776,1.1603798866271973,0.9832115173339844,-0.9805578589439392,-0.8219274282455444,-0.9620269536972046,2.3476645946502686,-0.4090462028980255,0.46922191977500916,-1.3272629976272583,0.7924633622169495,1.6601758003234863,-0.425189346075058,0.6265906095504761,-1.4141982793807983,-1.5021073818206787,-1.135621428489685,2.4525668621063232,-1.0802831649780273,1.2564953565597534,1.471691608428955,-1.6747418642044067,2.231096029281616,0.19872252643108368,1.8305777311325073,-0.3589188754558563,0.35707685351371765,-0.6073798537254333,-0.1811414211988449,0.2654491364955902,-0.9859234094619751,1.9682283401489258,0.16350096464157104,1.5417704582214355,-0.7807112336158752,1.1145740747451782,-0.32835373282432556,0.04710504412651062,0.455390989780426,0.6548391580581665,0.9762817025184631,-0.8391691446304321,0.4884907007217407,0.14113347232341766,-0.46999457478523254,-0.14314387738704681,-0.08118222653865814,0.9200382232666016,0.195200115442276,-1.1069345474243164,-1.693946361541748,1.1088536977767944,2.3632872104644775,0.5244409441947937
router,-1.6547000408172607,-0.041685666888952255,-0.6062872409820557,0.16590888798236847,1.315435528755188,0.7294315695762634,-0.26003390550613403,-0.9136418700218201,0.04728580638766289,-0.19522348046302795,0.5187101364135742,-0.17030230164527893,0.6646069288253784,-0.3667440712451935,-0.402642160654068,-0.4317903518676758,0.6703664064407349,0.12704987823963165,0.9052308201789856,-0.5629425048828125,1.171257495880127,0.0743662491440773,-0.06872165948152542,-0.0974574163556099,-0.004043350461870432,-0.6543146967887878,-0.8683692216873169,0.6917262673377991,-1.2536563873291016,1.1827328205108643,0.36663925647735596,-0.9691038727760315,0.6578243970870972,-0.5311933755874634,0.947770357131958,0.15437473356723785,0.0031756458338350058,-0.29713794589042664,-0.1429925262928009,0.1364133358001709,0.27844637632369995,0.4610024094581604,0.4798227548599243,0.8361021280288696,-0.3028799593448639,0.7274448275566101,0.36212754249572754,0.27818211913108826,0.5252875089645386,0.10177894681692123,0.359694242477417,-0.5669330954551697,0.7840932011604309,-0.06271476298570633,0.12071238458156586,0.3413640856742859,0.06717761605978012,-0.22628992795944214,0.8921927809715271,-1.0194348096847534,-0.5124374032020569,1.0448821783065796,0.7491534352302551,0.015973756089806557
sha,-1.140954852104187,1.7763408422470093,-1.5364848375320435,1.1364827156066895,0.14038732647895813,0.028585517778992653,-1.2708126306533813,-1.6367403268814087,1.1322476863861084,-0.48725783824920654,2.8397912979125977,-0.7043861150741577,2.7837700843811035,-0.20812392234802246,-1.540692925453186,0.16898462176322937,0.15660934150218964,-0.5014665126800537,-0.5675780177116394,0.44076254963874817,2.1314430236816406,3.819056510925293,-0.9311529994010925,0.37631452083587646,-1.7359120845794678,0.1320262849330902,-0.5942694544792175,2.652204751968384,-1.8744926452636719,1.8733497858047485,1.017087459564209,-1.4729429483413696,-0.4977996051311493,-0.5627208352088928,2.618070602416992,-1.6481561660766602,-0.17853468656539917,-1.2654542922973633,-1.3700675964355469,-0.7445565462112427,0.7605295777320862,0.4685455560684204,0.09594766795635223,1.4247926473617554,-0.8008207082748413,0.7748228311538696,1.0765748023986816,-2.0477030277252197,2.0979347229003906,-0.8881164789199829,-0.6711776852607727,-1.1556421518325806,1.2612559795379639,1.160909652709961,-0.8026965856552124,-0.8841794729232788,0.9151111841201782,-0.2029414027929306,-0.16056346893310547,-2.836146831512451,-1.4410470724105835,0.7228564023971558,0.08828099817037582,0.9757530093193054
sin,-1.7075402736663818,-1.5439453125,-0.5720513463020325,0.6776211857795715,1.28678297996521,1.302581787109375,-1.4990041255950928,-1.1485933065414429,0.6183767318725586,-1.1727230548858643,0.21728993952274323,1.2715314626693726,-0.1793537139892578,-0.8913429975509644,-1.1859973669052124,-0.9851692318916321,2.755427837371826,-0.9602816104888916,-0.3346177041530609,-1.3128163814544678,0.2239321917295456,0.5623398423194885,0.36291953921318054,1.2473530769348145,-1.4059823751449585,-1.6191858053207397,-1.1879371404647827,2.2424020767211914,-0.8988379836082458,0.4563162326812744,1.5794379711151123,-1.721124529838562,2.8524303436279297,0.22229599952697754,1.3368449211120605,1.0474624633789062,0.4089486300945282,0.16664983332157135,-0.48194611072540283,1.1208587884902954,-1.2885247468948364,1.909091591835022,0.1136154755949974,1.809372067451477,-0.5784112811088562,0.9051416516304016,-0.21008160710334778,1.4959646463394165,0.12194030731916428,0.30440589785575867,1.820351004600525,-0.7610481381416321,1.2680089473724365,0.25834959745407104,-0.1329418420791626,0.9820472598075867,0.11802636086940765,1.0029879808425903,0.19958330690860748,-1.5589655637741089,-2.4425277709960938,1.8190909624099731,2.6379201412200928,1.054574966430664
sqrt,-2.0833187103271484,-0.5602428317070007,-0.5097647309303284,1.367424726486206,1.3380942344665527,1.063276767730713,-0.8785445094108582,-0.11990688741207123,-0.7542887330055237,-1.4849088191986084,0.48773419857025146,-0.989595353603363,1.8590807914733887,-1.6310440301895142,-2.044659376144409,-0.95672208070755,2.3670756816864014,0.6259445548057556,0.23670229315757751,0.04365892708301544,1.7004973888397217,1.5972697734832764,0.5858933329582214,-0.18004097044467926,-0.5928412675857544,-0.8674250245094299,-1.5395539999008179,1.9519816637039185,-1.236279010772705,2.6450319290161133,0.2927730679512024,0.08439937233924866,0.429113507270813,-1.1679805517196655,0.23404276371002197,0.7638641595840454,1.36305570602417,-0.03307196870446205,-0.6036862134933472,0.6597432494163513,0.11017301678657532,1.6506595611572266,-0.09962593764066696,0.3765702545642853,-2.0763044357299805,0.807095468044281,1.475003719329834,1.0239017009735107,1.4276137351989746,-0.8110670447349548,0.281883180141449,-2.8590660095214844,1.7536708116531372,1.6782832145690918,-0.8906714916229248,0.1207483634352684,2.4666810035705566,0.2983446717262268,2.052333116531372,-1.2430354356765747,-1.4239927530288696,1.4367952346801758,1.6881767511367798,-0.428787499666214
square,-2.551839590072632,0.5147031545639038,-0.9301475286483765,0.5791128873825073,1.2677688598632812,0.5909542441368103,0.14343000948429108,-1.0695254802703857,-1.2398719787597656,-0.28928300738334656,0.7073937654495239,-1.1356828212738037,1.9961094856262207,-0.8355280160903931,-1.2996125221252441,-0.49862730503082275,1.2458305358886719,0.2918485701084137,1.4994443655014038,-0.13114282488822937,3.133821964263916,1.0868521928787231,-0.2304096817970276,0.005027280189096928,-0.8318199515342712,-0.24358141422271729,-2.723437547683716,1.7887283563613892,-2.0962302684783936,2.9883832931518555,0.22149112820625305,-0.04915928095579147,-1.229563593864441,-1.51767098903656,2.1744258403778076,0.9626508355140686,0.8676944971084595,-0.5015168190002441,-0.10861047357320786,-0.09122850000858307,0.3172079920768738,0.5755053758621216,0.04736103489995003,0.3059365749359131,-0.43160608410835266,0.30352291464805603,-0.2254866063594818,0.29779285192489624,1.1294128894805908,0.4392552077770233,0.21601757407188416,-0.9598185420036316,1.1002449989318848,0.2586561143398285,1.1560486555099487,-0.6953174471855164,1.1719903945922852,0.5816709995269775,1.2563804388046265,-1.7499946355819702,-0.5227190852165222,1.3653241395950317,0.7168486714363098,-0.8461414575576782
stereovision0,-2.151764392852783,0.3314042389392853,-1.4022321701049805,0.8135702610015869,0.9449029564857483,0.8340633511543274,-0.06013714522123337,-0.46056947112083435,-0.1699732393026352,0.6393256783485413,1.4519684314727783,-2.0338635444641113,1.3985925912857056,-0.10136911273002625,-1.2495849132537842,0.4074244499206543,0.6536486148834229,0.050378233194351196,1.7712609767913818,-0.666725218296051,2.913774013519287,0.47224724292755127,0.17539583146572113,0.2995354235172272,-0.26952069997787476,0.21033401787281036,-1.4444520473480225,0.7179428339004517,-2.213959217071533,1.5789812803268433,0.1143164411187172,-0.22809810936450958,-1.1118108034133911,-2.6310606002807617,1.6448862552642822,0.7850159406661987,-0.3584940731525421,-0.648349404335022,-0.4359143078327179,0.24986885488033295,1.1092478036880493,0.07611454278230667,-0.3534088730812073,1.2783775329589844,-1.5166553258895874,0.9424601197242737,1.8055028915405273,1.3026158809661865,1.3157156705856323,-0.3594529628753662,-0.4411582946777344,-0.9666876196861267,1.635978102684021,0.8545730710029602,0.04231248423457146,0.08974797278642654,0.953363299369812,-1.6751525402069092,1.1547436714172363,-2.2757298946380615,-1.3995281457901,1.7610704898834229,-0.2939801514148712,-0.551131546497345
voter,-0.7002697587013245,-0.055228281766176224,-0.907301664352417,1.2284326553344727,-0.3355306386947632,0.48645123839378357,-1.4906697273254395,0.03372088447213173,-0.579296886920929,-1.995013952255249,0.9910275340080261,-0.9958075881004333,1.802109956741333,-1.441806674003601,-1.5926384925842285,-0.658270001411438,1.631139874458313,-0.35445016622543335,-1.3537768125534058,0.09543406963348389,0.880933403968811,1.3568006753921509,0.32154178619384766,0.9253306984901428,-1.0950016975402832,1.2015912532806396,-1.4337652921676636,2.2466490268707275,-1.033268690109253,1.503418207168579,0.8839862942695618,-0.11797598004341125,-0.5159257054328918,-1.232129454612732,2.157954692840576,0.7575103640556335,2.3843722343444824,-0.36254656314849854,-1.2717536687850952,0.7870542407035828,-0.8220393657684326,2.1310932636260986,-0.4259563088417053,0.09740235656499863,-1.6676884889602661,0.7550152540206909,-0.16086477041244507,0.562038004398346,1.8374541997909546,-0.12372545897960663,0.2972068190574646,-1.4688327312469482,0.7776252031326294,3.121392250061035,-0.2554321587085724,-0.543341338634491,2.3686442375183105,1.9988594055175781,1.2849478721618652,-0.7390527129173279,-1.3377410173416138,0.8262248635292053,2.8499646186828613,-1.0340585708618164
